AASDH	ENSG00000157426	ENST00000513376	5.12	TAAAGTATATCCTTGTTGAAAAAAAACAAATTAATAAATTTAAATCTTT
AASDH	ENSG00000157426	ENST00000513376	9.84	ATGGAAAAGAGAAATATGAAAAAGAAAAAATAAAAAGCATAAGTTCTGA
AASDH	ENSG00000157426	ENST00000513376	10.03	AAGAGAAATATGAAAAAGAAAAAATAAAAAGCATAAGTTCTGAGCATGT
AASDH	ENSG00000157426	ENST00000205214	14.35	TAAAGTATATCCTTGTTGAAAAAAAACAAATTAATAAATTTAAATCTTT
AASDH	ENSG00000157426	ENST00000205214	18.61	ATGGAAAAGAGAAATATGAAAAAGAAAAAATAAAAAGCATAAGTTCTGA
AASDH	ENSG00000157426	ENST00000205214	18.77	AAGAGAAATATGAAAAAGAAAAAATAAAAAGCATAAGTTCTGAGCATGT
AASDH	ENSG00000157426	ENST00000514745	16.36	TAAAGTATATCCTTGTTGAAAAAAAACAAATTAATGGTACTTTTTGACA
AASDH	ENSG00000157426	ENST00000502617	17.14	TAAAGTATATCCTTGTTGAAAAAAAACAAATTAATAAATTTAAATCTTT
AASDH	ENSG00000157426	ENST00000502617	22.24	ATGGAAAAGAGAAATATGAAAAAGAAAAAATAAAAAGCATAAGTTCTGA
AASDH	ENSG00000157426	ENST00000502617	22.44	AAGAGAAATATGAAAAAGAAAAAATAAAAAGCATAAGTTCTGAGCATGT
AASDH	ENSG00000157426	ENST00000602986	15.95	ATGGAAAAGAGAAATATGAAAAAGAAAAAATAAAAAGCATAAGTTCTGA
AASDH	ENSG00000157426	ENST00000602986	16.12	AAGAGAAATATGAAAAAGAAAAAATAAAAAGCATAAGTTCTGAGCATGT
AASDH	ENSG00000157426	ENST00000451613	16.44	TAAAGTATATCCTTGTTGAAAAAAAACAAATTAATAAATTTAAATCTTT
AASDH	ENSG00000157426	ENST00000451613	21.24	ATGGAAAAGAGAAATATGAAAAAGAAAAAATAAAAAGCATAAGTTCTGA
AASDH	ENSG00000157426	ENST00000451613	21.43	AAGAGAAATATGAAAAAGAAAAAATAAAAAGCATAAGTTCTGAGCATGT
ABCA5	ENSG00000154265	ENST00000392676	9.64	AATTCATATCGTAGCAGAAAAAGAAAAAAAAATAAAAGAATTTTTAAAG
ABCA5	ENSG00000154265	ENST00000392676	9.71	TATCGTAGCAGAAAAAGAAAAAAAAATAAAAGAATTTTTAAAGATAATG
ABCA5	ENSG00000154265	ENST00000588877	26.62	AATTCATATCGTAGCAGAAAAAGAAAAAAAAATAAAAGAATTTTTAAAG
ABCA5	ENSG00000154265	ENST00000588877	26.71	TATCGTAGCAGAAAAAGAAAAAAAAATAAAAGAATTTTTAAAGATAATG
ABCA5	ENSG00000154265	ENST00000593153	32.88	AATTCATATCGTAGCAGAAAAAGAAAAAAAAATAAAAGAATTTTTAAAG
